id,first_name,last_name,email,gender,ip_address
1,Roch,Dunkerley,rdunkerley0@mlb.com,Female,139.72.220.218
2,Nan,Shard,nshard1@ovh.net,Female,199.249.127.43
3,Alina,Deppe,adeppe2@altervista.org,Female,47.83.132.68
4,Reeva,Dammarell,rdammarell3@pinterest.com,Female,250.49.59.76
5,Kittie,Lashford,klashford4@51.la,Female,82.158.166.126
6,Paige,Kensit,pkensit5@pcworld.com,Male,179.114.78.47
7,Corabelle,Sale,csale6@eventbrite.com,Female,24.48.101.37
8,Skelly,Crummay,scrummay7@howstuffworks.com,Male,187.114.120.176
9,Isac,Deaton,ideaton8@oracle.com,Male,108.232.66.214
10,Eugenia,Tonnesen,etonnesen9@123-reg.co.uk,Female,196.18.139.158
